<?xml version="1.0" encoding="utf-8" standalone="yes"?>
<rss version="2.0" xmlns:atom="http://www.w3.org/2005/Atom">
  <channel>
    <title>canalgeo</title>
    <link>http://canalgeo.com/</link>
    <description>Recent content on canalgeo</description>
    <generator>Hugo -- gohugo.io</generator>
    <language>en-us</language>
    <lastBuildDate>Thu, 25 Feb 2021 17:21:54 -0600</lastBuildDate><atom:link href="http://canalgeo.com/index.xml" rel="self" type="application/rss+xml" />
    <item>
      <title>About</title>
      <link>http://canalgeo.com/about/</link>
      <pubDate>Thu, 25 Feb 2021 17:49:05 -0600</pubDate>
      
      <guid>http://canalgeo.com/about/</guid>
      <description>Este es el sitio web de CANALGEO: Cartografía y Análisis Geoespacial.</description>
    </item>
    
    <item>
      <title>Visualizar_nube_de_puntos_en_web_1</title>
      <link>http://canalgeo.com/blog/visualizar_nube_de_puntos_en_web_1/</link>
      <pubDate>Thu, 25 Feb 2021 17:21:54 -0600</pubDate>
      
      <guid>http://canalgeo.com/blog/visualizar_nube_de_puntos_en_web_1/</guid>
      <description>PotreeConverter y los 3 pasos para visualizar una nube de puntos en el navegador Usando PotreeConverter o LAStools podemos convertir un archivo LAS a uno que permita ser visto desde un navegador.</description>
    </item>
    
  </channel>
</rss>
